{"cameraMode":{"drawMode":0,"name":"Shaded","section":"Shading Mode"},"sceneLighting":true,"audioPlay":false,"sceneViewState":{"showFog":true,"showMaterialUpdate":false,"showSkybox":true,"showFlares":true,"showImageEffects":true,"showParticleSystems":true},"in2DMode":false,"pivot":{"x":10.49905776977539,"y":-28.4046630859375,"z":20.622970581054689},"rotation":{"x":-0.3680554926395416,"y":0.02927829883992672,"z":-0.011597736738622189,"w":-0.9292824864387512},"size":51.13018798828125,"orthographic":false}