{"cameraMode":{"drawMode":0,"name":"Shaded","section":"Shading Mode"},"sceneLighting":true,"audioPlay":false,"sceneViewState":{"showFog":true,"showMaterialUpdate":false,"showSkybox":true,"showFlares":true,"showImageEffects":true,"showParticleSystems":true},"in2DMode":false,"pivot":{"x":-0.4265921413898468,"y":-3.0672760009765627,"z":39.09162521362305},"rotation":{"x":-0.10063687711954117,"y":0.006563712377101183,"z":-0.0006639592465944588,"w":-0.9949018359184265},"size":31.47620391845703,"orthographic":false}