{"cameraMode":{"drawMode":0,"name":"Shaded","section":"Shading Mode"},"sceneLighting":true,"audioPlay":false,"sceneViewState":{"showFog":true,"showMaterialUpdate":false,"showSkybox":true,"showFlares":true,"showImageEffects":true,"showParticleSystems":true},"in2DMode":false,"pivot":{"x":0.4488534927368164,"y":3.291335105895996,"z":9.236000061035157},"rotation":{"x":0.19664081931114198,"y":-0.028535684570670129,"z":0.005723139271140099,"w":0.9800732731819153},"size":5.589864730834961,"orthographic":false}