{"cameraMode":{"drawMode":0,"name":"Shaded","section":"Shading Mode"},"sceneLighting":true,"audioPlay":false,"sceneViewState":{"showFog":true,"showMaterialUpdate":false,"showSkybox":true,"showFlares":true,"showImageEffects":true,"showParticleSystems":true},"in2DMode":false,"pivot":{"x":593.8956909179688,"y":189.54364013671876,"z":-38.91682052612305},"rotation":{"x":-0.16154199838638307,"y":-0.02605263702571392,"z":0.004266073927283287,"w":-0.9865134358406067},"size":306.19775390625,"orthographic":false}