{"cameraMode":{"drawMode":0,"name":"Shaded","section":"Shading Mode"},"sceneLighting":false,"audioPlay":false,"sceneViewState":{"showFog":true,"showMaterialUpdate":false,"showSkybox":false,"showFlares":true,"showImageEffects":true,"showParticleSystems":true},"in2DMode":false,"pivot":{"x":-0.21211060881614686,"y":0.3806498646736145,"z":0.23353910446166993},"rotation":{"x":-0.31806811690330508,"y":0.3498500883579254,"z":-0.12762992084026338,"w":-0.8718661069869995},"size":1.9630873203277588,"orthographic":false}