{"cameraMode":{"drawMode":0,"name":"Shaded","section":"Shading Mode"},"sceneLighting":true,"audioPlay":false,"sceneViewState":{"showFog":true,"showMaterialUpdate":false,"showSkybox":true,"showFlares":true,"showImageEffects":true,"showParticleSystems":true},"in2DMode":false,"pivot":{"x":-1.0524182319641114,"y":1.123050570487976,"z":5.311327934265137},"rotation":{"x":-0.0692281499505043,"y":0.28529834747314455,"z":-0.020665641874074937,"w":-0.955712616443634},"size":5.092605113983154,"orthographic":false}