{"cameraMode":{"drawMode":0,"name":"Shaded","section":"Shading Mode"},"sceneLighting":true,"audioPlay":false,"sceneViewState":{"showFog":true,"showMaterialUpdate":false,"showSkybox":true,"showFlares":true,"showImageEffects":true,"showParticleSystems":true},"in2DMode":false,"pivot":{"x":3.9622015953063967,"y":4.270390033721924,"z":4.807469367980957},"rotation":{"x":-0.19542139768600465,"y":0.03441262245178223,"z":-0.006861602421849966,"w":-0.9800912737846375},"size":7.875,"orthographic":false}