{"cameraMode":{"drawMode":0,"name":"Shaded","section":"Shading Mode"},"sceneLighting":true,"audioPlay":false,"sceneViewState":{"showFog":true,"showMaterialUpdate":false,"showSkybox":true,"showFlares":true,"showImageEffects":true,"showParticleSystems":true},"in2DMode":false,"pivot":{"x":11.280031204223633,"y":12.284130096435547,"z":93.62512969970703},"rotation":{"x":-0.2355734258890152,"y":0.48519349098205569,"z":-0.13758310675621034,"w":-0.8307621479034424},"size":0.45623695850372317,"orthographic":false}