{"cameraMode":{"drawMode":0,"name":"Shaded","section":"Shading Mode"},"sceneLighting":true,"audioPlay":false,"sceneViewState":{"showFog":true,"showMaterialUpdate":false,"showSkybox":true,"showFlares":true,"showImageEffects":true,"showParticleSystems":true},"in2DMode":false,"pivot":{"x":4.694931507110596,"y":6.094985485076904,"z":823.610595703125},"rotation":{"x":0.09091512858867645,"y":0.10079836845397949,"z":-0.009252486750483513,"w":0.9907304048538208},"size":24.12832260131836,"orthographic":false}