{"cameraMode":{"drawMode":0,"name":"Shaded","section":"Shading Mode"},"sceneLighting":true,"audioPlay":false,"sceneViewState":{"showFog":true,"showMaterialUpdate":false,"showSkybox":true,"showFlares":true,"showImageEffects":true,"showParticleSystems":true},"in2DMode":false,"pivot":{"x":523.9441528320313,"y":259.865234375,"z":-33.969024658203128},"rotation":{"x":-0.15270812809467317,"y":-0.005339551717042923,"z":0.0008248270023614168,"w":-0.9882578253746033},"size":308.5745849609375,"orthographic":false}