{"cameraMode":{"drawMode":0,"name":"Shaded","section":"Shading Mode"},"sceneLighting":true,"audioPlay":false,"sceneViewState":{"showFog":true,"showMaterialUpdate":false,"showSkybox":true,"showFlares":true,"showImageEffects":true,"showParticleSystems":true},"in2DMode":false,"pivot":{"x":0.5378271341323853,"y":1.8992923498153687,"z":0.2125154435634613},"rotation":{"x":-0.007395213469862938,"y":0.9920365810394287,"z":-0.07036333531141281,"w":-0.1042468398809433},"size":2.092604875564575,"orthographic":false}