{"cameraMode":{"drawMode":0,"name":"Shaded","section":"Shading Mode"},"sceneLighting":true,"audioPlay":false,"sceneViewState":{"showFog":true,"showMaterialUpdate":false,"showSkybox":true,"showFlares":true,"showImageEffects":true,"showParticleSystems":true},"in2DMode":false,"pivot":{"x":0.0,"y":6.009659290313721,"z":-7.997411727905273},"rotation":{"x":-0.10063687711954117,"y":0.006563712377101183,"z":-0.0006639592465944588,"w":-0.9949018359184265},"size":2.0852160453796388,"orthographic":false}