{"cameraMode":{"drawMode":0,"name":"Shaded","section":"Shading Mode"},"sceneLighting":false,"audioPlay":false,"sceneViewState":{"showFog":true,"showMaterialUpdate":false,"showSkybox":false,"showFlares":true,"showImageEffects":true,"showParticleSystems":true},"in2DMode":false,"pivot":{"x":0.0,"y":4.863000392913818,"z":9.236000061035157},"rotation":{"x":0.17136099934577943,"y":-0.058197375386953357,"z":0.010140091180801392,"w":0.9834685921669006},"size":8.599989891052246,"orthographic":false}