{"cameraMode":{"drawMode":0,"name":"Shaded","section":"Shading Mode"},"sceneLighting":false,"audioPlay":false,"sceneViewState":{"showFog":true,"showMaterialUpdate":false,"showSkybox":false,"showFlares":true,"showImageEffects":true,"showParticleSystems":true},"in2DMode":false,"pivot":{"x":-0.14911484718322755,"y":1.4673266410827637,"z":2.8570923805236818},"rotation":{"x":0.08112810552120209,"y":0.9160186052322388,"z":-0.2373269498348236,"w":0.31314972043037417},"size":3.7745141983032228,"orthographic":false}