{"cameraMode":{"drawMode":0,"name":"Shaded","section":"Shading Mode"},"sceneLighting":false,"audioPlay":false,"sceneViewState":{"showFog":true,"showMaterialUpdate":false,"showSkybox":false,"showFlares":true,"showImageEffects":true,"showParticleSystems":true},"in2DMode":false,"pivot":{"x":0.7522327899932861,"y":1.949164867401123,"z":-0.12842732667922975},"rotation":{"x":-0.00662441598251462,"y":0.9697588086128235,"z":0.026470758020877839,"w":0.24256516993045808},"size":2.5543551445007326,"orthographic":false}