{"cameraMode":{"drawMode":0,"name":"Shaded","section":"Shading Mode"},"sceneLighting":true,"audioPlay":false,"sceneViewState":{"showFog":true,"showMaterialUpdate":false,"showSkybox":true,"showFlares":true,"showImageEffects":true,"showParticleSystems":true},"in2DMode":false,"pivot":{"x":0.752232551574707,"y":1.9340698719024659,"z":-0.12842732667922975},"rotation":{"x":-0.20305459201335908,"y":0.11047487705945969,"z":-0.02306368015706539,"w":-0.9726436138153076},"size":2.5660383701324465,"orthographic":false}