{"cameraMode":{"drawMode":0,"name":"Shaded","section":"Shading Mode"},"sceneLighting":true,"audioPlay":false,"sceneViewState":{"showFog":true,"showMaterialUpdate":false,"showSkybox":true,"showFlares":true,"showImageEffects":true,"showParticleSystems":true},"in2DMode":false,"pivot":{"x":1.682812213897705,"y":2.2077531814575197,"z":7.004751682281494},"rotation":{"x":0.1752399057149887,"y":0.09670128673315048,"z":-0.01730378158390522,"w":0.9796429872512817},"size":2.1176655292510988,"orthographic":false}