{"cameraMode":{"drawMode":0,"name":"Shaded","section":"Shading Mode"},"sceneLighting":false,"audioPlay":false,"sceneViewState":{"showFog":true,"showMaterialUpdate":false,"showSkybox":false,"showFlares":true,"showImageEffects":true,"showParticleSystems":true},"in2DMode":false,"pivot":{"x":-0.6305108070373535,"y":-0.1537919044494629,"z":-0.9505584239959717},"rotation":{"x":-0.2175428718328476,"y":0.4277506470680237,"z":-0.10686089843511582,"w":-0.8707961440086365},"size":1.2247449159622193,"orthographic":false}