{"cameraMode":{"drawMode":0,"name":"Shaded","section":"Shading Mode"},"sceneLighting":true,"audioPlay":false,"sceneViewState":{"showFog":true,"showMaterialUpdate":false,"showSkybox":true,"showFlares":true,"showImageEffects":true,"showParticleSystems":true},"in2DMode":false,"pivot":{"x":0.19367046654224397,"y":2.2013723850250246,"z":-1.768604040145874},"rotation":{"x":-0.20353001356124879,"y":-0.2820430099964142,"z":0.061373334378004077,"w":-0.9355806112289429},"size":0.9212002158164978,"orthographic":false}