{"cameraMode":{"drawMode":0,"name":"Shaded","section":"Shading Mode"},"sceneLighting":true,"audioPlay":false,"sceneViewState":{"showFog":true,"showMaterialUpdate":false,"showSkybox":true,"showFlares":true,"showImageEffects":true,"showParticleSystems":true},"in2DMode":false,"pivot":{"x":-0.37299442291259768,"y":0.07089424133300781,"z":-0.17353105545043946},"rotation":{"x":-0.26693812012672427,"y":0.25822553038597109,"z":-0.0744803324341774,"w":-0.9254822731018066},"size":1.039233684539795,"orthographic":false}